{"TransactionReward": -1.4, "ActionReward": -9.97, "IntermediateReward": -0.05950999999999999, "SharpeReward": 0.0, "DrawdownReward": 0.0, "Score": -11.43, "Balance": 9946.07, "Positions": 2, "_timestamp": 1682422138.6625652, "_runtime": 31.29066014289856, "_step": 4, "_wandb": {"runtime": 32}}